Stock,Country,Gear Type,2007,S_2007,2008,S_2008,2009,S_2009
Albacore in the Mediterranean Sea,Morocco,Longlines (nei),0,-,0,-,120,
Albacore in the Mediterranean Sea,Cyprus,Gear not known,17,,5,,3,
Albacore in the Mediterranean Sea,Cyprus,Longlines (nei),695,,204,,220,
Albacore in the Mediterranean Sea,"Korea, Republic of",Longlines (nei),0,-,0,-,2,
Albacore in the Mediterranean Sea,Syrian Arab Republic,Longlines (nei),6,,5,,0,-
Albacore in the Mediterranean Sea,Syrian Arab Republic,Purse seines,12,,9,,0,-
Albacore in the Mediterranean Sea,Turkey,Gear not known,0,-,208,,631,
Albacore in the Mediterranean Sea,Turkey,Purse seines,852,,0,-,0,-
Albacore in the Mediterranean Sea,France,Gear not known,2,,1,,0,-
Albacore in the Mediterranean Sea,Greece,Gear not known,68,,0,-,0,-
Albacore in the Mediterranean Sea,Greece,Longlines (nei),257,,191,,116,
Albacore in the Mediterranean Sea,Greece,Purse seines,123,,0,-,0,-
Albacore in the Mediterranean Sea,Italy,Gear not known,1220,,5,,1780,
Albacore in the Mediterranean Sea,Italy,Longlines (nei),2739,,2083,,919,
Albacore in the Mediterranean Sea,Italy,Purse seines,58,,15,,25,
Albacore in the Mediterranean Sea,Malta,Longlines (nei),1,,0,-,0,-
Albacore in the Mediterranean Sea,Malta,Trolling lines,0,-,0,-,1,
Albacore in the Mediterranean Sea,Spain,Gear not known,94,,31,,0,-
Albacore in the Mediterranean Sea,Spain,Longlines (nei),421,,207,,205,
Albacore in the North Atlantic,Cabo Verde,Purse seines,0,-,0,-,5,
Albacore in the North Atlantic,Côte d'Ivoire,Longlines (nei),0,-,0,-,25,
Albacore in the North Atlantic,Morocco,Longlines (nei),96,,99,,130,
Albacore in the North Atlantic,Barbados,Gear not known,1,,1,,1,
Albacore in the North Atlantic,Barbados,Longlines (nei),6,,6,,3,
Albacore in the North Atlantic,Belize,Longlines (nei),22,,26,,39,
Albacore in the North Atlantic,Canada,Gear not known,5,,11,,2,
Albacore in the North Atlantic,Canada,Longlines (nei),20,,22,,8,
Albacore in the North Atlantic,Grenada,Longlines (nei),20,,15,,18,
Albacore in the North Atlantic,Panama,Longlines (nei),297,,113,,51,
Albacore in the North Atlantic,Saint Lucia,Trolling lines,2,,2,,0,-
Albacore in the North Atlantic,Saint Vincent/Grenadines,Longlines (nei),263,,130,,134,
Albacore in the North Atlantic,St. Pierre and Miquelon,Longlines (nei),3,,0,-,0,-
Albacore in the North Atlantic,Trinidad and Tobago,Longlines (nei),18,,32,,17,
Albacore in the North Atlantic,United States of America,Gear not known,404,,129,,31,
Albacore in the North Atlantic,United States of America,Longlines (nei),126,,126,,158,
Albacore in the North Atlantic,"Venezuela, Boliv Rep of",Gear not known,5,,8,,24,
Albacore in the North Atlantic,"Venezuela, Boliv Rep of",Longlines (nei),146,,138,,290,
Albacore in the North Atlantic,"Venezuela, Boliv Rep of",Mechanized lines and pole-and-lines,26,,5,,0,-
Albacore in the North Atlantic,"Venezuela, Boliv Rep of",Purse seines,198,,70,,84,
Albacore in the North Atlantic,China,Longlines (nei),59,,24,,27,
Albacore in the North Atlantic,Japan,Longlines (nei),288,,402,,288,
Albacore in the North Atlantic,"Korea, Republic of",Longlines (nei),12,,59,,82,
Albacore in the North Atlantic,Philippines,Longlines (nei),8,,19,,54,
Albacore in the North Atlantic,Taiwan Province of China,Longlines (nei),1297,,1107,,863,
Albacore in the North Atlantic,France,Gear not known,2930,,2875,,1118,
Albacore in the North Atlantic,France,Longlines (nei),230,,128,,4,
Albacore in the North Atlantic,France,Mechanized lines and pole-and-lines,15,,6,,0,-
Albacore in the North Atlantic,France,Trolling lines,4,,0,-,1,
Albacore in the North Atlantic,Ireland,Gear not known,586,,1514,,1997,
Albacore in the North Atlantic,Ireland,Trolling lines,10,,3,,1,
Albacore in the North Atlantic,Portugal,Gear not known,0,-,6,,0,-
Albacore in the North Atlantic,Portugal,Longlines (nei),104,,86,,52,
Albacore in the North Atlantic,Portugal,Mechanized lines and pole-and-lines,81,,517,,54,
Albacore in the North Atlantic,Spain,Longlines (nei),118,,89,,240,
Albacore in the North Atlantic,Spain,Mechanized lines and pole-and-lines,8376,,7403,,4939,
Albacore in the North Atlantic,Spain,Trolling lines,6089,,5233,,4437,
Albacore in the North Atlantic,United Kingdom,Gear not known,21,,50,,65,
Albacore in the North Atlantic,United Kingdom,Longlines (nei),8,,0,-,1,
Albacore in the North Atlantic,Vanuatu,Longlines (nei),95,,19,,140,
Albacore in the North Pacific,Belize,Longlines (nei),1,,2,,0,-
Albacore in the North Pacific,Ecuador,Purse seines,0,-,0,-,3,
Albacore in the North Pacific,China,Longlines (nei),76,,136,,0,-
Albacore in the North Pacific,French Polynesia,Gear not known,87,,159,,210,
Albacore in the North Pacific,French Polynesia,Longlines (nei),2962,,2301,,2937,
Albacore in the North Pacific,Vanuatu,Longlines (nei),1183,,330,,13,
Albacore in the South Atlantic,Côte d'Ivoire,Longlines (nei),0,-,0,-,47,
Albacore in the South Atlantic,Namibia,Longlines (nei),138,,102,,0,-
Albacore in the South Atlantic,Namibia,Mechanized lines and pole-and-lines,1058,,1856,,4936,
Albacore in the South Atlantic,Saint Helena,Gear not known,46,,94,,81,
Albacore in the South Atlantic,South Africa,Gear not known,1696,,1028,,96,
Albacore in the South Atlantic,South Africa,Longlines (nei),77,,107,,125,
Albacore in the South Atlantic,South Africa,Mechanized lines and pole-and-lines,2024,,2334,,4822,
Albacore in the South Atlantic,Belize,Longlines (nei),32,,31,,213,
Albacore in the South Atlantic,Brazil,Gear not known,20,,97,,34,
Albacore in the South Atlantic,Brazil,Longlines (nei),221,,235,,149,
Albacore in the South Atlantic,Brazil,Mechanized lines and pole-and-lines,293,,156,,18,
Albacore in the South Atlantic,Brazil,Purse seines,0,-,0,-,1,
Albacore in the South Atlantic,Netherlands Antilles,Purse seines,0,-,0,-,21,
Albacore in the South Atlantic,Panama,Longlines (nei),69,,5,,0,-
Albacore in the South Atlantic,Panama,Purse seines,18,,0,-,0,-
Albacore in the South Atlantic,Saint Vincent/Grenadines,Longlines (nei),160,,71,,51,
Albacore in the South Atlantic,Uruguay,Longlines (nei),34,,53,,685,
Albacore in the South Atlantic,China,Longlines (nei),35,,25,,89,
Albacore in the South Atlantic,Japan,Longlines (nei),238,,1370,,921,
Albacore in the South Atlantic,"Korea, Republic of",Longlines (nei),56,,88,,374,
Albacore in the South Atlantic,Philippines,Longlines (nei),13,,78,,45,
Albacore in the South Atlantic,Taiwan Province of China,Longlines (nei),13146,,9966,,8678,
Albacore in the South Atlantic,France,Purse seines,12,,50,,60,
Albacore in the South Atlantic,Portugal,Longlines (nei),13,,49,,254,
Albacore in the South Atlantic,Spain,Longlines (nei),758,,908,,997,
Albacore in the South Atlantic,Spain,Purse seines,0,-,25,,64,
Albacore in the South Atlantic,United Kingdom,Longlines (nei),0,-,0,-,1,
Albacore in the South Atlantic,Vanuatu,Longlines (nei),96,,131,,64,
Albacore in the South Pacific,Canada,Trolling lines,6157,,5478,,5724,
Albacore in the South Pacific,Mexico,Gear not known,107,,107,,107,
Albacore in the South Pacific,United States of America,Gear not known,349,,346,,348,
Albacore in the South Pacific,United States of America,Longlines (nei),5433,,3903,,4086,
Albacore in the South Pacific,United States of America,Mechanized lines and pole-and-lines,21,,6,,2218,
Albacore in the South Pacific,United States of America,Trolling lines,12159,,10840,,10812,
Albacore in the South Pacific,China,Longlines (nei),5453,,15095,,20526,
Albacore in the South Pacific,Japan,Gear not known,300,,1647,,224,
Albacore in the South Pacific,Japan,Longlines (nei),27411,,22261,,26250,
Albacore in the South Pacific,Japan,Mechanized lines and pole-and-lines,37768,,19060,,31263,
Albacore in the South Pacific,Japan,Purse seines,5682,,826,,2088,
Albacore in the South Pacific,Japan,Trolling lines,519,,549,,410,
Albacore in the South Pacific,"Korea, Republic of",Longlines (nei),1643,,2038,,1814,
Albacore in the South Pacific,Taiwan Province of China,Longlines (nei),12794,,10898,,15538,
Albacore in the South Pacific,Australia,Gear not known,50,,0,-,0,-
Albacore in the South Pacific,Australia,Longlines (nei),1925,,1277,,1523,
Albacore in the South Pacific,Cook Islands,Longlines (nei),2644,,2224,,1551,
Albacore in the South Pacific,Cook Islands,Trolling lines,54,,0,-,0,-
Albacore in the South Pacific,Fiji,Longlines (nei),7145,,7650,,7166,
Albacore in the South Pacific,French Polynesia,Gear not known,10,,160,,211,
Albacore in the South Pacific,French Polynesia,Longlines (nei),3957,,3068,,3560,
Albacore in the South Pacific,French Polynesia,Mechanized lines and pole-and-lines,17,,12,,21,
Albacore in the South Pacific,Marshall Islands,Longlines (nei),0,-,15,,10,
Albacore in the South Pacific,"Micronesia, Fed.States of",Longlines (nei),0,-,0,-,40,
Albacore in the South Pacific,New Caledonia,Longlines (nei),1324,,1506,,1649,
Albacore in the South Pacific,New Zealand,Longlines (nei),357,,382,,422,
Albacore in the South Pacific,New Zealand,Trolling lines,1736,,3352,,1794,
Albacore in the South Pacific,Niue,Longlines (nei),137,,7,,147,
Albacore in the South Pacific,Papua New Guinea,Longlines (nei),1598,,464,,906,
Albacore in the South Pacific,Samoa,Longlines (nei),3113,,2342,,2816,
Albacore in the South Pacific,Tonga,Longlines (nei),390,,220,,124,
Albacore in the South Pacific,Vanuatu,Longlines (nei),10880,,9055,,12139,
Albacore Indian Ocean,Guinea,Longlines (nei),75,,39,,34,
Albacore Indian Ocean,Madagascar,Longlines (nei),33,,25,,24,
Albacore Indian Ocean,Mauritius,Gear not known,238,,216,,281,
Albacore Indian Ocean,Mauritius,Longlines (nei),74,,18,,0,-
Albacore Indian Ocean,Seychelles,Longlines (nei),373,,800,,347,
Albacore Indian Ocean,Seychelles,Purse seines,136,,128,,10,
Albacore Indian Ocean,South Africa,Gear not known,0,-,5,,5,
Albacore Indian Ocean,South Africa,Longlines (nei),15,,28,,24,
Albacore Indian Ocean,"Tanzania, United Rep. of",Longlines (nei),75,,39,,34,
Albacore Indian Ocean,Belize,Longlines (nei),886,,296,,161,
Albacore Indian Ocean,China,Longlines (nei),117,,158,,388,
Albacore Indian Ocean,India,Longlines (nei),226,,109,,163,
Albacore Indian Ocean,Indonesia,Gear not known,314,,743,,1163,
Albacore Indian Ocean,Indonesia,Longlines (nei),13434,,17135,,14111,
Albacore Indian Ocean,Japan,Longlines (nei),5263,,4814,,3568,
Albacore Indian Ocean,"Korea, Republic of",Longlines (nei),126,,119,,325,
Albacore Indian Ocean,Malaysia,Longlines (nei),350,,285,,202,
Albacore Indian Ocean,Philippines,Longlines (nei),152,,150,,71,
Albacore Indian Ocean,Sri Lanka,Longlines (nei),1,,0,-,0,-
Albacore Indian Ocean,Taiwan Province of China,Longlines (nei),16881,,15318,,14200,
Albacore Indian Ocean,Thailand,Longlines (nei),115,,23,,24,
Albacore Indian Ocean,France,Gear not known,39,,18,,2,
Albacore Indian Ocean,France,Longlines (nei),754,,542,,569,
Albacore Indian Ocean,France,Purse seines,335,,980,,295,
Albacore Indian Ocean,Portugal,Longlines (nei),29,,6,,2,
Albacore Indian Ocean,Spain,Longlines (nei),624,,285,,487,
Albacore Indian Ocean,Spain,Purse seines,246,,299,,52,
Albacore Indian Ocean,United Kingdom,Longlines (nei),14,,10,,9,
Albacore Indian Ocean,Australia,Longlines (nei),12,,10,,20,
Albacore Indian Ocean,Vanuatu,Longlines (nei),0,-,0,-,91,
Atlantic bluefin tuna Global,Algeria,Gear not known,107,,888,,0,-
Atlantic bluefin tuna Global,Algeria,Longlines (nei),754,,339,,0,-
Atlantic bluefin tuna Global,Algeria,Purse seines,650,,84,,0,-
Atlantic bluefin tuna Global,Libya,Longlines (nei),158,,51,,34,
Atlantic bluefin tuna Global,Libya,Purse seines,1200,,1267,,1047,
Atlantic bluefin tuna Global,Morocco,Gear not known,2436,,1950,,1911,
Atlantic bluefin tuna Global,Morocco,Longlines (nei),108,,528,,0,-
Atlantic bluefin tuna Global,Morocco,Purse seines,515,,0,-,367,
Atlantic bluefin tuna Global,Tunisia,Gear not known,4,,0,-,0,-
Atlantic bluefin tuna Global,Tunisia,Purse seines,2618,,2679,,1933,
Atlantic bluefin tuna Global,Canada,Gear not known,433,,546,,468,
Atlantic bluefin tuna Global,Canada,Longlines (nei),58,,30,,65,
Atlantic bluefin tuna Global,Mexico,Longlines (nei),7,,7,,10,
Atlantic bluefin tuna Global,St. Pierre and Miquelon,Longlines (nei),4,,3,,2,
Atlantic bluefin tuna Global,United States of America,Gear not known,657,,689,,926,
Atlantic bluefin tuna Global,United States of America,Longlines (nei),173,,233,,334,
Atlantic bluefin tuna Global,United States of America,Purse seines,28,,0,-,11,
Atlantic bluefin tuna Global,China,Longlines (nei),72,,119,,42,
Atlantic bluefin tuna Global,Cyprus,Gear not known,0,-,3,,0,-
Atlantic bluefin tuna Global,Cyprus,Longlines (nei),1,,2,,2,
Atlantic bluefin tuna Global,Cyprus,Purse seines,0,-,127,,0,-
Atlantic bluefin tuna Global,Japan,Longlines (nei),2355,,2923,,2084,
Atlantic bluefin tuna Global,"Korea, Republic of",Purse seines,276,,335,,102,
Atlantic bluefin tuna Global,Syrian Arab Republic,Longlines (nei),33,,15,,0,-
Atlantic bluefin tuna Global,Syrian Arab Republic,Purse seines,17,,26,,0,-
Atlantic bluefin tuna Global,Turkey,Purse seines,918,,879,,665,
Atlantic bluefin tuna Global,Croatia,Gear not known,8,,8,,7,
Atlantic bluefin tuna Global,Croatia,Longlines (nei),0,-,4,,2,
Atlantic bluefin tuna Global,Croatia,Purse seines,817,,821,,609,
Atlantic bluefin tuna Global,France,Gear not known,1115,,319,,464,
Atlantic bluefin tuna Global,France,Longlines (nei),1,,0,-,9,
Atlantic bluefin tuna Global,France,Mechanized lines and pole-and-lines,128,,67,,62,
Atlantic bluefin tuna Global,France,Purse seines,9543,,2536,,2918,
Atlantic bluefin tuna Global,Greece,Gear not known,7,,93,,66,
Atlantic bluefin tuna Global,Greece,Longlines (nei),31,,50,,109,
Atlantic bluefin tuna Global,Greece,Purse seines,247,,207,,198,
Atlantic bluefin tuna Global,Iceland,Purse seines,0,-,50,,0,-
Atlantic bluefin tuna Global,Ireland,Gear not known,0,-,1,,1,
Atlantic bluefin tuna Global,Italy,Gear not known,93,,166,,202,
Atlantic bluefin tuna Global,Italy,Longlines (nei),217,,216,,193,
Atlantic bluefin tuna Global,Italy,Purse seines,4311,,1854,,2339,
Atlantic bluefin tuna Global,Malta,Longlines (nei),144,,165,,263,
Atlantic bluefin tuna Global,Malta,Purse seines,190,,131,,0,-
Atlantic bluefin tuna Global,Portugal,Gear not known,23,,24,,47,
Atlantic bluefin tuna Global,Portugal,Longlines (nei),5,,12,,5,
Atlantic bluefin tuna Global,Portugal,Mechanized lines and pole-and-lines,1,,0,-,0,-
Atlantic bluefin tuna Global,Spain,Gear not known,1378,,1215,,1223,
Atlantic bluefin tuna Global,Spain,Longlines (nei),759,,815,,590,
Atlantic bluefin tuna Global,Spain,Mechanized lines and pole-and-lines,1903,,1728,,1197,
Atlantic bluefin tuna Global,Spain,Purse seines,1649,,1645,,1167,
Atlantic bluefin tuna Global,Spain,Trolling lines,0,-,1,,0,-
Atlantic bluefin tuna Global,United Kingdom,Gear not known,0,-,0,-,1,
Bigeye tuna Global,Cabo Verde,Gear not known,0,-,1,,3,
Bigeye tuna Global,Cabo Verde,Purse seines,1147,,1068,,824,
Bigeye tuna Global,Comoros,Gear not known,21,,28,,28,
Bigeye tuna Global,Comoros,Trolling lines,14,,19,,19,
Bigeye tuna Global,Côte d'Ivoire,Longlines (nei),0,-,0,-,790,
Bigeye tuna Global,Equatorial Guinea,Gear not known,0,-,0,-,50,
Bigeye tuna Global,Ghana,Mechanized lines and pole-and-lines,4925,,6367,,4465,
Bigeye tuna Global,Ghana,Purse seines,8342,,2902,,6089,
Bigeye tuna Global,Guinea,Longlines (nei),12,,18,,17,
Bigeye tuna Global,Kenya,Longlines (nei),17,,23,,9,
Bigeye tuna Global,Madagascar,Longlines (nei),32,,23,,22,
Bigeye tuna Global,Madagascar,Trolling lines,31,,30,,33,
Bigeye tuna Global,Mauritius,Longlines (nei),11,,5,,1,
Bigeye tuna Global,Morocco,Longlines (nei),700,,802,,795,
Bigeye tuna Global,Namibia,Longlines (nei),26,,112,,48,
Bigeye tuna Global,Namibia,Mechanized lines and pole-and-lines,15,,34,,60,
Bigeye tuna Global,Saint Helena,Gear not known,18,,28,,17,
Bigeye tuna Global,Sao Tome and Principe,Gear not known,0,-,4,,4,
Bigeye tuna Global,Sao Tome and Principe,Purse seines,0,-,86,,88,
Bigeye tuna Global,Sao Tome and Principe,Trolling lines,0,-,2,,2,
Bigeye tuna Global,Senegal,Longlines (nei),3,,0,-,0,-
Bigeye tuna Global,Senegal,Mechanized lines and pole-and-lines,804,,926,,1041,
Bigeye tuna Global,Senegal,Trolling lines,0,-,0,-,1,
Bigeye tuna Global,Seychelles,Longlines (nei),5646,,4392,,4463,
Bigeye tuna Global,Seychelles,Purse seines,3858,,5369,,6822,
Bigeye tuna Global,South Africa,Gear not known,8,,2,,0,-
Bigeye tuna Global,South Africa,Longlines (nei),227,,365,,323,
Bigeye tuna Global,South Africa,Mechanized lines and pole-and-lines,15,,23,,32,
Bigeye tuna Global,"Tanzania, United Rep. of",Longlines (nei),12,,18,,17,
Bigeye tuna Global,Barbados,Gear not known,2,,2,,2,
Bigeye tuna Global,Barbados,Longlines (nei),12,,12,,5,
Bigeye tuna Global,Belize,Longlines (nei),461,,367,,434,
Bigeye tuna Global,Brazil,Gear not known,17,,14,,88,
Bigeye tuna Global,Brazil,Longlines (nei),928,,785,,1009,
Bigeye tuna Global,Brazil,Mechanized lines and pole-and-lines,650,,159,,93,
Bigeye tuna Global,Canada,Gear not known,6,,24,,5,
Bigeye tuna Global,Canada,Longlines (nei),137,,107,,107,
Bigeye tuna Global,Chile,Gear not known,37,,28,,15,
Bigeye tuna Global,Costa Rica,Longlines (nei),15,,16,,13,
Bigeye tuna Global,Ecuador,Longlines (nei),0,-,360,,485,
Bigeye tuna Global,Ecuador,Purse seines,40445,,41177,,35646,
Bigeye tuna Global,Grenada,Longlines (nei),10,,31,,0,-
Bigeye tuna Global,Guatemala,Purse seines,836,,998,,913,
Bigeye tuna Global,Mexico,Longlines (nei),3,,1,,1,
Bigeye tuna Global,Mexico,Purse seines,0,-,327,,1334,
Bigeye tuna Global,Netherlands Antilles,Purse seines,252,,1721,,2348,
Bigeye tuna Global,Nicaragua,Purse seines,1058,,1785,,2241,
Bigeye tuna Global,Panama,Purse seines,9951,,13281,,14212,
Bigeye tuna Global,Saint Vincent/Grenadines,Longlines (nei),567,,171,,291,
Bigeye tuna Global,St. Pierre and Miquelon,Longlines (nei),2,,3,,0,-
Bigeye tuna Global,Trinidad and Tobago,Longlines (nei),27,,69,,56,
Bigeye tuna Global,United States of America,Gear not known,477,,228,,221,
Bigeye tuna Global,United States of America,Longlines (nei),6396,,6486,,5151,
Bigeye tuna Global,United States of America,Trolling lines,64,,75,,60,
Bigeye tuna Global,Uruguay,Longlines (nei),22,,27,,201,
Bigeye tuna Global,"Venezuela, Boliv Rep of",Longlines (nei),84,,6,,102,
Bigeye tuna Global,"Venezuela, Boliv Rep of",Mechanized lines and pole-and-lines,14,,14,,5,
Bigeye tuna Global,"Venezuela, Boliv Rep of",Purse seines,5648,,7323,,8601,
Bigeye tuna Global,China,Longlines (nei),24711,,21790,,21681,
Bigeye tuna Global,India,Longlines (nei),3585,,1700,,3913,
Bigeye tuna Global,Indonesia,Gear not known,4580,,5226,,7799,
Bigeye tuna Global,Indonesia,Longlines (nei),13505,,16070,,12202,
Bigeye tuna Global,Indonesia,Mechanized lines and pole-and-lines,2180,,3038,,1812,
Bigeye tuna Global,Indonesia,Purse seines,237,,295,,286,
Bigeye tuna Global,Indonesia,Trolling lines,525,,655,,633,
Bigeye tuna Global,Iran (Islamic Rep. of),Gear not known,575,,1236,,1956,
Bigeye tuna Global,Iran (Islamic Rep. of),Purse seines,55,,23,,0,-
Bigeye tuna Global,Japan,Gear not known,68,,93,,105,
Bigeye tuna Global,Japan,Longlines (nei),76214,,64865,,57619,
Bigeye tuna Global,Japan,Mechanized lines and pole-and-lines,1977,,1604,,1570,
Bigeye tuna Global,Japan,Purse seines,987,,965,,1571,
Bigeye tuna Global,Japan,Trolling lines,124,,138,,115,
Bigeye tuna Global,"Korea, Republic of",Longlines (nei),19124,,24255,,24618,
Bigeye tuna Global,Malaysia,Longlines (nei),893,,1322,,1180,
Bigeye tuna Global,Maldives,Mechanized lines and pole-and-lines,932,,1102,,1004,
Bigeye tuna Global,Philippines,Gear not known,3547,,3074,,3565,
Bigeye tuna Global,Philippines,Longlines (nei),4531,,3809,,2473,
Bigeye tuna Global,Sri Lanka,Gear not known,372,,256,,346,
Bigeye tuna Global,Sri Lanka,Longlines (nei),54,,0,-,0,-
Bigeye tuna Global,Taiwan Province of China,Longlines (nei),69078,,51846,,60151,
Bigeye tuna Global,Thailand,Longlines (nei),139,,70,,152,
Bigeye tuna Global,Thailand,Purse seines,1724,,2298,,2310,
Bigeye tuna Global,France,Gear not known,243,,0,-,0,-
Bigeye tuna Global,France,Longlines (nei),712,,503,,351,
Bigeye tuna Global,France,Mechanized lines and pole-and-lines,1130,,141,,269,
Bigeye tuna Global,France,Purse seines,7148,,8598,,9033,
Bigeye tuna Global,Portugal,Gear not known,0,-,64,,0,-
Bigeye tuna Global,Portugal,Longlines (nei),659,,606,,468,
Bigeye tuna Global,Portugal,Mechanized lines and pole-and-lines,4871,,2738,,5121,
Bigeye tuna Global,Russian Federation,Purse seines,26,,73,,86,
Bigeye tuna Global,Spain,Gear not known,0,-,3,,16,
Bigeye tuna Global,Spain,Longlines (nei),510,,483,,442,
Bigeye tuna Global,Spain,Mechanized lines and pole-and-lines,3008,,1956,,3854,
Bigeye tuna Global,Spain,Purse seines,13777,,18990,,22187,
Bigeye tuna Global,Spain,Trolling lines,12,,0,-,0,-
Bigeye tuna Global,United Kingdom,Longlines (nei),0,-,0,-,32,
Bigeye tuna Global,Australia,Gear not known,21,,0,-,0,-
Bigeye tuna Global,Australia,Longlines (nei),1077,,1054,,788,
Bigeye tuna Global,Cook Islands,Longlines (nei),238,,292,,217,
Bigeye tuna Global,Fiji,Longlines (nei),556,,671,,689,
Bigeye tuna Global,French Polynesia,Longlines (nei),839,,857,,1071,
Bigeye tuna Global,Kiribati,Longlines (nei),0,-,44,,0,-
Bigeye tuna Global,Kiribati,Mechanized lines and pole-and-lines,0,-,0,-,8,
Bigeye tuna Global,Marshall Islands,Longlines (nei),3,,375,,381,
Bigeye tuna Global,"Micronesia, Fed.States of",Longlines (nei),1395,,970,,1395,
Bigeye tuna Global,New Caledonia,Longlines (nei),53,,63,,51,
Bigeye tuna Global,New Zealand,Gear not known,0,-,1,,0,-
Bigeye tuna Global,New Zealand,Longlines (nei),213,,133,,253,
Bigeye tuna Global,Niue,Longlines (nei),18,,1,,10,
Bigeye tuna Global,Papua New Guinea,Longlines (nei),111,,201,,128,
Bigeye tuna Global,Samoa,Longlines (nei),101,,106,,117,
Bigeye tuna Global,Solomon Islands,Mechanized lines and pole-and-lines,37,,0,-,0,-
Bigeye tuna Global,Tokelau,Trolling lines,0,-,0,-,1,
Bigeye tuna Global,Tonga,Longlines (nei),129,,81,,38,
Bigeye tuna Global,Vanuatu,Longlines (nei),3327,,1698,,2548,
Pacific bluefin tuna Global,Mexico,Mechanized lines and pole-and-lines,0,-,15,,0,-
Pacific bluefin tuna Global,Mexico,Purse seines,8293,,8784,,6038,
Pacific bluefin tuna Global,United States of America,Gear not known,31,,197,,361,
Pacific bluefin tuna Global,United States of America,Purse seines,42,,0,-,410,
Pacific bluefin tuna Global,Japan,Gear not known,2712,,3550,,3149,
Pacific bluefin tuna Global,Japan,Longlines (nei),2095,,1495,,1312,
Pacific bluefin tuna Global,Japan,Mechanized lines and pole-and-lines,236,,64,,50,
Pacific bluefin tuna Global,Japan,Purse seines,5378,,9550,,8186,
Pacific bluefin tuna Global,Japan,Trolling lines,2385,,2074,,1875,
Pacific bluefin tuna Global,"Korea, Republic of",Purse seines,1281,,1866,,936,
Pacific bluefin tuna Global,Taiwan Province of China,Gear not known,10,,2,,11,
Pacific bluefin tuna Global,Taiwan Province of China,Longlines (nei),1401,,979,,877,
Pacific bluefin tuna Global,New Zealand,Gear not known,21,,21,,0,-
Skipjack tuna Global,Cabo Verde,Gear not known,0,-,0,-,171,
Skipjack tuna Global,Cabo Verde,Mechanized lines and pole-and-lines,0,-,76,,100,
Skipjack tuna Global,Cabo Verde,Purse seines,6026,,5934,,4495,
Skipjack tuna Global,Comoros,Gear not known,73,,97,,97,
Skipjack tuna Global,Comoros,Trolling lines,3327,,4435,,4435,
Skipjack tuna Global,Côte d'Ivoire,Gear not known,1817,,2328,,2840,
Skipjack tuna Global,Equatorial Guinea,Gear not known,0,-,0,-,1224,
Skipjack tuna Global,Ghana,Mechanized lines and pole-and-lines,11665,,25511,,18155,
Skipjack tuna Global,Ghana,Purse seines,22907,,11876,,17909,
Skipjack tuna Global,Guinea,Longlines (nei),1,,0,-,0,-
Skipjack tuna Global,Kenya,Gear not known,0,-,3,,1,
Skipjack tuna Global,Madagascar,Trolling lines,957,,936,,1021,
Skipjack tuna Global,Mauritius,Gear not known,11,,10,,13,
Skipjack tuna Global,Morocco,Gear not known,251,,206,,427,
Skipjack tuna Global,Morocco,Longlines (nei),1210,,995,,1499,
Skipjack tuna Global,Morocco,Purse seines,131,,108,,654,
Skipjack tuna Global,Namibia,Mechanized lines and pole-and-lines,0,-,0,-,71,
Skipjack tuna Global,Saint Helena,Gear not known,110,,45,,15,
Skipjack tuna Global,Sao Tome and Principe,Gear not known,0,-,14,,9,
Skipjack tuna Global,Sao Tome and Principe,Purse seines,0,-,215,,226,
Skipjack tuna Global,Senegal,Gear not known,0,-,0,-,2,
Skipjack tuna Global,Senegal,Mechanized lines and pole-and-lines,2278,,3661,,4513,
Skipjack tuna Global,Senegal,Trolling lines,0,-,0,-,58,
Skipjack tuna Global,Seychelles,Purse seines,29727,,30036,,40156,
Skipjack tuna Global,South Africa,Gear not known,0,-,4,,1,
Skipjack tuna Global,South Africa,Mechanized lines and pole-and-lines,0,-,0,-,4,
Skipjack tuna Global,"Tanzania, United Rep. of",Longlines (nei),1,,0,-,0,-
Skipjack tuna Global,Belize,Longlines (nei),11,,0,-,0,-
Skipjack tuna Global,Bermuda,Gear not known,0,-,0,-,1,
Skipjack tuna Global,Brazil,Gear not known,1038,,85,,752,
Skipjack tuna Global,Brazil,Longlines (nei),0,-,0,-,2,
Skipjack tuna Global,Brazil,Mechanized lines and pole-and-lines,22750,,20547,,22329,
Skipjack tuna Global,Brazil,Purse seines,403,,213,,223,
Skipjack tuna Global,Dominica,Gear not known,1,,29,,7,
Skipjack tuna Global,Dominica,Trolling lines,30,,15,,17,
Skipjack tuna Global,Ecuador,Longlines (nei),0,-,2,,5,
Skipjack tuna Global,Ecuador,Purse seines,93553,,143431,,132712,
Skipjack tuna Global,Grenada,Longlines (nei),26,,20,,0,-
Skipjack tuna Global,Guatemala,Longlines (nei),0,-,0,-,1,
Skipjack tuna Global,Guatemala,Purse seines,5546,,6319,,4036,
Skipjack tuna Global,Mexico,Longlines (nei),7,,8,,9,
Skipjack tuna Global,Mexico,Mechanized lines and pole-and-lines,276,,499,,151,
Skipjack tuna Global,Mexico,Purse seines,21542,,21638,,6847,
Skipjack tuna Global,Netherlands Antilles,Purse seines,1587,,6436,,9143,
Skipjack tuna Global,Nicaragua,Purse seines,4286,,7005,,5119,
Skipjack tuna Global,Panama,Purse seines,47296,,51483,,35491,
Skipjack tuna Global,Peru,Gear not known,351,,291,,12,
Skipjack tuna Global,Saint Lucia,Trolling lines,89,,168,,0,-
Skipjack tuna Global,Saint Vincent/Grenadines,Longlines (nei),2,,0,-,2,
Skipjack tuna Global,Saint Vincent/Grenadines,Trolling lines,88,,83,,52,
Skipjack tuna Global,United States of America,Gear not known,74,,86,,158,
Skipjack tuna Global,United States of America,Longlines (nei),254,,287,,288,
Skipjack tuna Global,United States of America,Mechanized lines and pole-and-lines,272,,293,,214,
Skipjack tuna Global,United States of America,Trolling lines,272,,375,,399,
Skipjack tuna Global,"Venezuela, Boliv Rep of",Gear not known,0,-,0,-,1,
Skipjack tuna Global,"Venezuela, Boliv Rep of",Mechanized lines and pole-and-lines,115,,69,,441,
Skipjack tuna Global,"Venezuela, Boliv Rep of",Purse seines,22796,,29021,,21178,
Skipjack tuna Global,China,Longlines (nei),1,,0,-,0,-
Skipjack tuna Global,India,Gear not known,6648,,8705,,7609,
Skipjack tuna Global,India,Longlines (nei),1,,0,-,0,-
Skipjack tuna Global,India,Mechanized lines and pole-and-lines,6922,,8522,,7982,
Skipjack tuna Global,Indonesia,Gear not known,44428,,59542,,62144,
Skipjack tuna Global,Indonesia,Longlines (nei),379,,315,,250,
Skipjack tuna Global,Indonesia,Mechanized lines and pole-and-lines,52717,,54574,,57115,
Skipjack tuna Global,Indonesia,Purse seines,11722,,14614,,14124,
Skipjack tuna Global,Indonesia,Trolling lines,12420,,15484,,14965,
Skipjack tuna Global,Iran (Islamic Rep. of),Gear not known,67618,,42411,,44819,
Skipjack tuna Global,Iran (Islamic Rep. of),Purse seines,450,,1489,,1159,
Skipjack tuna Global,Japan,Gear not known,1250,,864,,876,
Skipjack tuna Global,Japan,Longlines (nei),99,,177,,195,
Skipjack tuna Global,Japan,Mechanized lines and pole-and-lines,89694,,91197,,65709,
Skipjack tuna Global,Japan,Purse seines,4362,,3187,,3434,
Skipjack tuna Global,Japan,Trolling lines,3249,,4178,,3819,
Skipjack tuna Global,Jordan,Gear not known,44,,43,,45,
Skipjack tuna Global,"Korea, Republic of",Longlines (nei),1,,2,,6,
Skipjack tuna Global,Malaysia,Purse seines,0,-,293,,293,
Skipjack tuna Global,Maldives,Gear not known,757,,471,,788,
Skipjack tuna Global,Maldives,Longlines (nei),2,,169,,2,
Skipjack tuna Global,Maldives,Mechanized lines and pole-and-lines,95807,,85584,,65018,
Skipjack tuna Global,Maldives,Trolling lines,294,,849,,381,
Skipjack tuna Global,Oman,Gear not known,105,,100,,11,
Skipjack tuna Global,Pakistan,Gear not known,4702,,4882,,5102,
Skipjack tuna Global,Philippines,Gear not known,50593,,52016,,55116,
Skipjack tuna Global,Sri Lanka,Gear not known,73240,,78860,,82127,
Skipjack tuna Global,Syrian Arab Republic,Longlines (nei),19,,21,,0,-
Skipjack tuna Global,Syrian Arab Republic,Purse seines,19,,15,,0,-
Skipjack tuna Global,Taiwan Province of China,Longlines (nei),186,,295,,704,
Skipjack tuna Global,Thailand,Purse seines,8428,,6138,,7532,
Skipjack tuna Global,Yemen,Gear not known,119,,68,,68,
Skipjack tuna Global,France,Gear not known,66,,63,,38,
Skipjack tuna Global,France,Mechanized lines and pole-and-lines,795,,778,,1186,
Skipjack tuna Global,France,Purse seines,38265,,37998,,42134,
Skipjack tuna Global,France,Trolling lines,440,,440,,440,
Skipjack tuna Global,Ireland,Gear not known,0,-,0,-,8,
Skipjack tuna Global,Netherlands,Gear not known,4,,9,,0,-
Skipjack tuna Global,Portugal,Gear not known,0,-,171,,125,
Skipjack tuna Global,Portugal,Longlines (nei),417,,153,,57,
Skipjack tuna Global,Portugal,Mechanized lines and pole-and-lines,8603,,5734,,904,
Skipjack tuna Global,Portugal,Purse seines,0,-,0,-,3,
Skipjack tuna Global,Russian Federation,Purse seines,1130,,313,,260,
Skipjack tuna Global,Spain,Gear not known,23,,7,,0,-
Skipjack tuna Global,Spain,Longlines (nei),620,,21,,12,
Skipjack tuna Global,Spain,Mechanized lines and pole-and-lines,6378,,8345,,8647,
Skipjack tuna Global,Spain,Purse seines,85195,,96698,,100638,
Skipjack tuna Global,United Kingdom,Gear not known,0,-,0,-,16,
Skipjack tuna Global,Australia,Longlines (nei),8,,15,,10,
Skipjack tuna Global,Australia,Purse seines,90,,892,,855,
Skipjack tuna Global,Cook Islands,Longlines (nei),41,,54,,89,
Skipjack tuna Global,Fiji,Longlines (nei),50,,105,,105,
Skipjack tuna Global,Fiji,Mechanized lines and pole-and-lines,431,,431,,0,-
Skipjack tuna Global,Fiji,Trolling lines,54,,0,-,0,-
Skipjack tuna Global,French Polynesia,Gear not known,1221,,1302,,1676,
Skipjack tuna Global,French Polynesia,Longlines (nei),52,,32,,46,
Skipjack tuna Global,French Polynesia,Mechanized lines and pole-and-lines,359,,543,,676,
Skipjack tuna Global,Kiribati,Gear not known,8223,,8238,,8438,
Skipjack tuna Global,Kiribati,Mechanized lines and pole-and-lines,0,-,0,-,142,
Skipjack tuna Global,Nauru,Trolling lines,0,-,1,,0,-
Skipjack tuna Global,New Zealand,Gear not known,11,,5,,0,-
Skipjack tuna Global,New Zealand,Longlines (nei),1,,0,-,1,
Skipjack tuna Global,New Zealand,Trolling lines,0,-,0,-,9,
Skipjack tuna Global,Niue,Longlines (nei),7,,1,,5,
Skipjack tuna Global,Samoa,Longlines (nei),40,,31,,77,
Skipjack tuna Global,Solomon Islands,Mechanized lines and pole-and-lines,3579,,1151,,0,-
Skipjack tuna Global,Tokelau,Trolling lines,6,,6,,8,
Skipjack tuna Global,Tonga,Longlines (nei),1,,0,-,0,-
Skipjack tuna Global,Tuvalu,Trolling lines,17,,12,,16,
Southern bluefin tuna Global,South Africa,Longlines (nei),41,,45,,32,
Southern bluefin tuna Global,Indonesia,Longlines (nei),1077,,926,,641,
Southern bluefin tuna Global,Japan,Longlines (nei),2840,,2952,,2659,
Southern bluefin tuna Global,"Korea, Republic of",Longlines (nei),521,,1134,,1117,
Southern bluefin tuna Global,Philippines,Longlines (nei),46,,45,,47,
Southern bluefin tuna Global,Taiwan Province of China,Longlines (nei),841,,913,,921,
Southern bluefin tuna Global,Spain,Longlines (nei),18,,14,,2,
Southern bluefin tuna Global,Australia,Longlines (nei),4,,23,,213,
Southern bluefin tuna Global,Australia,Mechanized lines and pole-and-lines,0,-,0,-,2,
Southern bluefin tuna Global,Australia,Purse seines,4809,,5010,,4893,
Southern bluefin tuna Global,New Zealand,Gear not known,4,,0,-,0,-
Southern bluefin tuna Global,New Zealand,Longlines (nei),377,,319,,412,
Southern bluefin tuna Global,New Zealand,Trolling lines,1,,0,-,7,
Yellowfin tuna Global,Angola,Gear not known,405,,98,,98,
Yellowfin tuna Global,Cabo Verde,Gear not known,1240,,686,,855,
Yellowfin tuna Global,Cabo Verde,Longlines (nei),0,-,4,,0,-
Yellowfin tuna Global,Cabo Verde,Mechanized lines and pole-and-lines,0,-,2,,0,-
Yellowfin tuna Global,Cabo Verde,Purse seines,2817,,7721,,2419,
Yellowfin tuna Global,Comoros,Gear not known,1682,,2242,,2242,
Yellowfin tuna Global,Comoros,Trolling lines,4318,,5755,,5755,
Yellowfin tuna Global,Côte d'Ivoire,Gear not known,216,,626,,0,-
Yellowfin tuna Global,Côte d'Ivoire,Longlines (nei),0,-,0,-,90,
Yellowfin tuna Global,Equatorial Guinea,Gear not known,0,-,0,-,892,
Yellowfin tuna Global,Ghana,Mechanized lines and pole-and-lines,6612,,9819,,8326,
Yellowfin tuna Global,Ghana,Purse seines,8851,,4431,,10029,
Yellowfin tuna Global,Guinea,Longlines (nei),10,,15,,13,
Yellowfin tuna Global,Kenya,Gear not known,0,-,17,,18,
Yellowfin tuna Global,Kenya,Longlines (nei),11,,22,,17,
Yellowfin tuna Global,Kenya,Trolling lines,80,,80,,80,
Yellowfin tuna Global,Madagascar,Longlines (nei),26,,15,,15,
Yellowfin tuna Global,Madagascar,Trolling lines,775,,757,,826,
Yellowfin tuna Global,Mauritius,Gear not known,48,,44,,57,
Yellowfin tuna Global,Mauritius,Longlines (nei),98,,85,,0,-
Yellowfin tuna Global,Morocco,Longlines (nei),102,,110,,110,
Yellowfin tuna Global,Mozambique,Gear not known,0,-,1,,1,
Yellowfin tuna Global,Namibia,Longlines (nei),26,,11,,1,
Yellowfin tuna Global,Namibia,Mechanized lines and pole-and-lines,2,,0,-,0,-
Yellowfin tuna Global,Saint Helena,Gear not known,177,,97,,104,
Yellowfin tuna Global,Sao Tome and Principe,Gear not known,0,-,10,,7,
Yellowfin tuna Global,Sao Tome and Principe,Purse seines,0,-,150,,158,
Yellowfin tuna Global,Senegal,Gear not known,0,-,0,-,102,
Yellowfin tuna Global,Senegal,Longlines (nei),7,,38,,11,
Yellowfin tuna Global,Senegal,Mechanized lines and pole-and-lines,816,,550,,1157,
Yellowfin tuna Global,Senegal,Trolling lines,0,-,0,-,9,
Yellowfin tuna Global,Seychelles,Gear not known,1,,0,-,0,-
Yellowfin tuna Global,Seychelles,Longlines (nei),2265,,663,,569,
Yellowfin tuna Global,Seychelles,Purse seines,16085,,20682,,21331,
Yellowfin tuna Global,South Africa,Gear not known,688,,212,,24,
Yellowfin tuna Global,South Africa,Longlines (nei),248,,149,,152,
Yellowfin tuna Global,South Africa,Mechanized lines and pole-and-lines,264,,108,,213,
Yellowfin tuna Global,"Tanzania, United Rep. of",Gear not known,110,,110,,108,
Yellowfin tuna Global,"Tanzania, United Rep. of",Longlines (nei),10,,15,,13,
Yellowfin tuna Global,Barbados,Gear not known,21,,21,,19,
Yellowfin tuna Global,Barbados,Longlines (nei),133,,135,,60,
Yellowfin tuna Global,Belize,Longlines (nei),1594,,1424,,1172,
Yellowfin tuna Global,Bermuda,Gear not known,30,,15,,41,
Yellowfin tuna Global,Brazil,Gear not known,2563,,608,,1870,
Yellowfin tuna Global,Brazil,Longlines (nei),1552,,1745,,1039,
Yellowfin tuna Global,Brazil,Mechanized lines and pole-and-lines,1353,,397,,403,
Yellowfin tuna Global,Brazil,Purse seines,0,-,0,-,2,
Yellowfin tuna Global,Canada,Longlines (nei),276,,168,,53,
Yellowfin tuna Global,Chile,Gear not known,76,,74,,47,
Yellowfin tuna Global,Costa Rica,Longlines (nei),1204,,1248,,1003,
Yellowfin tuna Global,Dominica,Gear not known,65,,107,,78,
Yellowfin tuna Global,Dominica,Longlines (nei),0,-,0,-,1,
Yellowfin tuna Global,Dominica,Trolling lines,38,,17,,23,
Yellowfin tuna Global,Ecuador,Longlines (nei),0,-,309,,209,
Yellowfin tuna Global,Ecuador,Purse seines,19749,,18463,,18167,
Yellowfin tuna Global,Grenada,Longlines (nei),633,,756,,630,
Yellowfin tuna Global,Guatemala,Purse seines,3461,,3736,,2603,
Yellowfin tuna Global,Mexico,Gear not known,0,-,0,-,1,
Yellowfin tuna Global,Mexico,Longlines (nei),904,,966,,1230,
Yellowfin tuna Global,Mexico,Mechanized lines and pole-and-lines,894,,812,,709,
Yellowfin tuna Global,Mexico,Purse seines,65091,,84462,,99785,
Yellowfin tuna Global,Netherlands Antilles,Purse seines,1368,,7351,,6293,
Yellowfin tuna Global,Nicaragua,Gear not known,0,-,30,,27,
Yellowfin tuna Global,Nicaragua,Longlines (nei),48,,0,-,0,-
Yellowfin tuna Global,Nicaragua,Purse seines,3917,,4374,,6686,
Yellowfin tuna Global,Panama,Longlines (nei),228,,152,,288,
Yellowfin tuna Global,Panama,Purse seines,35387,,33168,,41041,
Yellowfin tuna Global,Peru,Gear not known,865,,308,,42,
Yellowfin tuna Global,Saint Lucia,Trolling lines,82,,106,,97,
Yellowfin tuna Global,Saint Vincent/Grenadines,Longlines (nei),3181,,2615,,2305,
Yellowfin tuna Global,Saint Vincent/Grenadines,Trolling lines,18,,15,,44,
Yellowfin tuna Global,Trinidad and Tobago,Longlines (nei),615,,520,,629,
Yellowfin tuna Global,Turks and Caicos Is.,Gear not known,1,,0,-,0,-
Yellowfin tuna Global,United States of America,Gear not known,3472,,1517,,1941,
Yellowfin tuna Global,United States of America,Longlines (nei),3879,,2596,,2597,
Yellowfin tuna Global,United States of America,Mechanized lines and pole-and-lines,23,,23,,17,
Yellowfin tuna Global,United States of America,Trolling lines,512,,455,,476,
Yellowfin tuna Global,Uruguay,Longlines (nei),35,,66,,76,
Yellowfin tuna Global,"Venezuela, Boliv Rep of",Gear not known,7,,4,,9,
Yellowfin tuna Global,"Venezuela, Boliv Rep of",Longlines (nei),613,,712,,898,
Yellowfin tuna Global,"Venezuela, Boliv Rep of",Mechanized lines and pole-and-lines,951,,489,,929,
Yellowfin tuna Global,"Venezuela, Boliv Rep of",Purse seines,22438,,19759,,26661,
Yellowfin tuna Global,China,Longlines (nei),5753,,6577,,7715,
Yellowfin tuna Global,India,Gear not known,13207,,11183,,11233,
Yellowfin tuna Global,India,Longlines (nei),3136,,1171,,1533,
Yellowfin tuna Global,India,Mechanized lines and pole-and-lines,1952,,1846,,1996,
Yellowfin tuna Global,Indonesia,Gear not known,22280,,19147,,22082,
Yellowfin tuna Global,Indonesia,Longlines (nei),20581,,18204,,25142,
Yellowfin tuna Global,Indonesia,Mechanized lines and pole-and-lines,9671,,7981,,6491,
Yellowfin tuna Global,Indonesia,Purse seines,371,,463,,447,
Yellowfin tuna Global,Indonesia,Trolling lines,2043,,2547,,2462,
Yellowfin tuna Global,Iran (Islamic Rep. of),Gear not known,13040,,15849,,18630,
Yellowfin tuna Global,Iran (Islamic Rep. of),Purse seines,2330,,2141,,1693,
Yellowfin tuna Global,Iran (Islamic Rep. of),Trolling lines,338,,256,,318,
Yellowfin tuna Global,Japan,Gear not known,364,,542,,433,
Yellowfin tuna Global,Japan,Longlines (nei),45936,,33836,,27821,
Yellowfin tuna Global,Japan,Mechanized lines and pole-and-lines,3501,,3566,,5054,
Yellowfin tuna Global,Japan,Purse seines,963,,1216,,557,
Yellowfin tuna Global,Japan,Trolling lines,2297,,2436,,2534,
Yellowfin tuna Global,Jordan,Gear not known,3,,4,,10,
Yellowfin tuna Global,"Korea, Republic of",Longlines (nei),13332,,9932,,12142,
Yellowfin tuna Global,Malaysia,Longlines (nei),1229,,1212,,970,
Yellowfin tuna Global,Malaysia,Purse seines,0,-,30,,30,
Yellowfin tuna Global,Maldives,Gear not known,6570,,4785,,3570,
Yellowfin tuna Global,Maldives,Longlines (nei),127,,1177,,1090,
Yellowfin tuna Global,Maldives,Mechanized lines and pole-and-lines,13243,,15664,,14275,
Yellowfin tuna Global,Maldives,Trolling lines,721,,983,,676,
Yellowfin tuna Global,Oman,Gear not known,14941,,17928,,6548,
Yellowfin tuna Global,Oman,Longlines (nei),2999,,1558,,919,
Yellowfin tuna Global,Oman,Trolling lines,1239,,1485,,494,
Yellowfin tuna Global,Pakistan,Gear not known,4489,,4697,,5243,
Yellowfin tuna Global,Philippines,Gear not known,60762,,60460,,59614,
Yellowfin tuna Global,Philippines,Longlines (nei),1833,,1503,,960,
Yellowfin tuna Global,Sri Lanka,Gear not known,32904,,32933,,38703,
Yellowfin tuna Global,Sri Lanka,Longlines (nei),94,,0,-,0,-
Yellowfin tuna Global,Taiwan Province of China,Longlines (nei),45068,,34352,,35192,
Yellowfin tuna Global,Thailand,Longlines (nei),111,,90,,65,
Yellowfin tuna Global,Thailand,Purse seines,1250,,993,,1124,
Yellowfin tuna Global,Timor-Leste,Gear not known,3,,3,,3,
Yellowfin tuna Global,Yemen,Gear not known,15797,,13667,,13667,
Yellowfin tuna Global,France,Gear not known,195,,211,,170,
Yellowfin tuna Global,France,Longlines (nei),583,,334,,313,
Yellowfin tuna Global,France,Mechanized lines and pole-and-lines,430,,186,,378,
Yellowfin tuna Global,France,Purse seines,47424,,58030,,46353,
Yellowfin tuna Global,France,Trolling lines,236,,236,,236,
Yellowfin tuna Global,Netherlands,Gear not known,0,-,0,-,1,
Yellowfin tuna Global,Portugal,Gear not known,0,-,8,,758,
Yellowfin tuna Global,Portugal,Longlines (nei),965,,470,,530,
Yellowfin tuna Global,Portugal,Mechanized lines and pole-and-lines,3,,1,,0,-
Yellowfin tuna Global,Russian Federation,Purse seines,211,,42,,33,
Yellowfin tuna Global,Spain,Longlines (nei),346,,268,,231,
Yellowfin tuna Global,Spain,Mechanized lines and pole-and-lines,769,,1055,,874,
Yellowfin tuna Global,Spain,Purse seines,53160,,72361,,73236,
Yellowfin tuna Global,United Kingdom,Gear not known,11,,1,,2,
Yellowfin tuna Global,United Kingdom,Longlines (nei),0,-,0,-,120,
Yellowfin tuna Global,Australia,Gear not known,2,,0,-,1,
Yellowfin tuna Global,Australia,Longlines (nei),1419,,1651,,1399,
Yellowfin tuna Global,Cook Islands,Longlines (nei),290,,247,,197,
Yellowfin tuna Global,Fiji,Longlines (nei),1721,,2763,,2564,
Yellowfin tuna Global,Fiji,Mechanized lines and pole-and-lines,44,,44,,0,-
Yellowfin tuna Global,Fiji,Trolling lines,41,,0,-,0,-
Yellowfin tuna Global,French Polynesia,Gear not known,776,,725,,751,
Yellowfin tuna Global,French Polynesia,Longlines (nei),935,,782,,1306,
Yellowfin tuna Global,French Polynesia,Mechanized lines and pole-and-lines,152,,83,,77,
Yellowfin tuna Global,Kiribati,Gear not known,4347,,4329,,4529,
Yellowfin tuna Global,Kiribati,Longlines (nei),0,-,7,,0,-
Yellowfin tuna Global,Kiribati,Mechanized lines and pole-and-lines,0,-,0,-,10,
Yellowfin tuna Global,Marshall Islands,Longlines (nei),2,,91,,120,
Yellowfin tuna Global,"Micronesia, Fed.States of",Longlines (nei),548,,328,,583,
Yellowfin tuna Global,Nauru,Trolling lines,0,-,2,,4,
Yellowfin tuna Global,New Caledonia,Longlines (nei),393,,424,,487,
Yellowfin tuna Global,New Zealand,Gear not known,0,-,2,,0,-
Yellowfin tuna Global,New Zealand,Longlines (nei),25,,11,,3,
Yellowfin tuna Global,Niue,Longlines (nei),30,,8,,20,
Yellowfin tuna Global,Papua New Guinea,Longlines (nei),1539,,2259,,2714,
Yellowfin tuna Global,Samoa,Longlines (nei),305,,317,,412,
Yellowfin tuna Global,Solomon Islands,Mechanized lines and pole-and-lines,321,,189,,0,-
Yellowfin tuna Global,Tokelau,Trolling lines,2,,2,,3,
Yellowfin tuna Global,Tonga,Longlines (nei),341,,291,,109,
Yellowfin tuna Global,Tuvalu,Trolling lines,9,,10,,12,
Yellowfin tuna Global,Vanuatu,Longlines (nei),2005,,1862,,1764,
